t_ms,harness_mb,detail
1788364921768,0,
1788364922358,0,
1788364922946,0,
1788364923532,0,
1788364924109,0,
1788364924716,199,36884=199;
1788364925327,199,36884=199;
1788364925933,119,36884=119;
1788364926565,181,36884=181;
1788364927175,181,36884=181;
1788364927783,165,36884=165;
1788364928391,165,36884=165;
1788364928996,90,36884=90;
1788364929606,79,36884=79;
1788364930211,59,36884=59;
1788364930824,59,36884=59;
1788364931434,59,36884=59;
1788364932039,59,36884=59;
1788364932649,58,36884=58;
1788364933404,58,36884=58;
1788364934018,853,36884=853;
1788364934627,853,36884=853;
1788364935234,773,36884=773;
1788364935842,765,36884=765;
1788364936461,765,36884=765;
1788364937079,765,36884=765;
1788364937698,765,36884=765;
1788364938307,763,36884=763;
1788364938911,762,36884=762;
1788364939517,762,36884=762;
1788364940124,762,36884=762;
1788364940732,762,36884=762;
1788364941337,758,36884=758;
1788364941946,758,36884=758;
1788364942584,1728,36884=1728;
1788364943229,3377,36884=3377;
1788364943856,3414,36884=3414;
1788364944472,3416,36884=3416;
1788364945108,3423,36884=3423;
1788364945742,3364,36884=3364;
1788364946379,3444,36884=3444;
1788364947000,3445,36884=3445;
1788364947632,3520,36884=3520;
1788364948267,3527,36884=3527;
1788364948893,3634,36884=3634;
1788364949516,3633,36884=3633;
1788364950142,3627,36884=3627;
1788364950763,3690,36884=3690;
1788364951390,3694,36884=3694;
1788364952021,3867,36884=3867;
1788364952645,3805,36884=3805;
1788364953268,3858,36884=3858;
1788364953897,3860,36884=3860;
1788364954510,3861,36884=3861;
1788364955139,3861,36884=3861;
1788364955751,3854,36884=3854;
1788364956385,3858,36884=3858;
1788364957021,3814,36884=3814;
1788364957645,3893,36884=3893;
1788364958277,3901,36884=3901;
1788364958904,3856,36884=3856;
1788364959541,3904,36884=3904;
1788364960178,3905,36884=3905;
1788364960748,0,
1788364961312,0,
1788364961901,0,
1788364962489,0,
1788364963077,0,
1788364963668,0,
1788364964255,0,
1788364964845,0,
1788364965432,0,
1788364966019,0,
1788364966608,0,
1788364967196,0,
1788364967788,0,
1788364968376,0,
1788364968963,0,
1788364969550,0,
1788364970140,0,
1788364970729,0,
1788364971319,0,
1788364971906,0,
1788364972493,0,
1788364973080,0,
1788364973670,0,
1788364974260,0,
1788364974849,0,
1788364975439,0,
1788364976028,0,
1788364976613,0,
1788364977197,0,
1788364977784,0,
1788364978370,0,
1788364978960,0,
1788364979550,0,
1788364980126,0,
1788364980715,0,
1788364981303,0,
1788364981892,0,
1788364982485,0,
1788364983073,0,
1788364983666,0,
1788364984258,0,
1788364984848,0,
1788364985436,0,
1788364986026,0,
1788364986616,0,
1788364987206,0,
1788364987793,0,
1788364988381,0,
1788364988968,0,
1788364989557,0,
1788364990146,0,
1788364990737,0,
1788364991323,0,
1788364991911,0,
1788364992500,0,
1788364993087,0,
1788364993677,0,
1788364994264,0,
1788364994853,0,
1788364995443,0,
1788364996031,0,
1788364996626,0,
1788364997213,0,
1788364997803,0,
1788364998391,0,
1788364998982,0,
1788364999573,0,
1788365000160,0,
1788365000747,0,
1788365001334,0,
1788365001929,0,
1788365002519,0,
1788365003111,0,
1788365003698,0,
1788365004285,0,
1788365004874,0,
1788365005462,0,
1788365006050,0,
1788365006641,0,
1788365007232,0,
1788365007824,0,
1788365008413,0,
1788365009002,0,
1788365009589,0,
1788365010176,0,
1788365010766,0,
1788365011358,0,
1788365011948,0,
1788365012537,0,
1788365013125,0,
1788365013713,0,
1788365014299,0,
1788365014888,0,
1788365015475,0,
1788365016063,0,
1788365016651,0,
1788365017239,0,
1788365017826,0,
1788365018413,0,
1788365019003,0,
1788365019591,0,
1788365020180,0,
1788365020770,0,
1788365021357,0,
1788365021948,0,
1788365022537,0,
1788365023124,0,
1788365023713,0,
1788365024301,0,
1788365024889,0,
1788365025479,0,
1788365026069,0,
1788365026659,0,
1788365027248,0,
1788365027836,0,
1788365028426,0,
1788365029018,0,
1788365029608,0,
1788365030197,0,
1788365030788,0,
1788365031376,0,
1788365031964,0,
1788365032554,0,
1788365033142,0,
1788365033730,0,
1788365034317,0,
1788365034907,0,
1788365035493,0,
1788365036084,0,
1788365036671,0,
1788365037261,0,
1788365037849,0,
1788365038438,0,
1788365039024,0,
1788365039611,0,
1788365040196,0,
1788365040785,0,
1788365041373,0,
1788365041962,0,
1788365042548,0,
1788365043139,0,
1788365043726,0,
1788365044317,0,
1788365044908,0,
1788365045496,0,
1788365046087,0,
1788365046675,0,
1788365047264,0,
1788365047853,0,
1788365048440,0,
1788365049030,0,
1788365049621,0,
1788365050211,0,
1788365050799,0,
1788365051387,0,
1788365051974,0,
1788365052561,0,
1788365053148,0,
1788365053735,0,
1788365054324,0,
1788365054910,0,
1788365055501,0,
1788365056091,0,
1788365056677,0,
1788365057268,0,
1788365057855,0,
1788365058446,0,
1788365059036,0,
1788365059627,0,
1788365060221,0,
1788365060811,0,
1788365061399,0,
1788365061990,0,
1788365062580,0,
1788365063170,0,
1788365063760,0,
1788365064349,0,
1788365064935,0,
1788365065523,0,
1788365066110,0,
1788365066696,0,
1788365067287,0,
1788365067873,0,
1788365068456,0,
1788365069045,0,
1788365069633,0,
1788365070224,0,
1788365070810,0,
1788365071395,0,
1788365071981,0,
1788365072572,0,
1788365073160,0,
1788365073751,0,
1788365074337,0,
1788365074925,0,
1788365075511,0,
1788365076100,0,
1788365076690,0,
1788365077276,0,
1788365077865,0,
1788365078455,0,
1788365079046,0,
1788365079635,0,
1788365080222,0,
1788365080813,0,
1788365081401,0,
1788365081992,0,
1788365082582,0,
1788365083173,0,
1788365083761,0,
1788365084352,0,
1788365084938,0,
1788365085526,0,
1788365086113,0,
1788365086704,0,
1788365087295,0,
1788365087880,0,
1788365088467,0,
1788365089053,0,
1788365089640,0,
1788365090227,0,
1788365090813,0,
1788365091399,0,
1788365091986,0,
1788365092576,0,
1788365093162,0,
1788365093752,0,
1788365094339,0,
1788365094931,0,
1788365095518,0,
1788365096105,0,
1788365096692,0,
1788365097278,0,
1788365097868,0,
1788365098460,0,
1788365099052,0,
1788365099641,0,
1788365100225,0,
1788365100816,0,
1788365101401,0,
1788365101989,0,
1788365102578,0,
1788365103167,0,
1788365103754,0,
1788365104343,0,
1788365104930,0,
1788365105519,0,
1788365106109,0,
1788365106696,0,
1788365107283,0,
1788365107873,0,
1788365108459,0,
1788365109048,0,
1788365109635,0,
1788365110223,0,
1788365110815,0,
1788365111401,0,
1788365111991,0,
1788365112580,0,
1788365113170,0,
1788365113759,0,
1788365114350,0,
1788365114938,0,
1788365115526,0,
1788365116112,0,
1788365116703,0,
1788365117293,0,
1788365117882,0,
1788365118473,0,
1788365119061,0,
1788365119650,0,
1788365120237,0,
1788365120828,0,
1788365121419,0,
1788365122009,0,
1788365122601,0,
1788365123192,0,
1788365123782,0,
1788365124370,0,
1788365124957,0,
1788365125553,0,
1788365126142,0,
1788365126733,0,
1788365127319,0,
1788365127910,0,
1788365128496,0,
1788365129087,0,
1788365129675,0,
1788365130261,0,
1788365130850,0,
1788365131440,0,
1788365132031,0,
1788365132617,0,
1788365133206,0,
1788365133798,0,
1788365134385,0,
1788365134975,0,
1788365135564,0,
1788365136150,0,
1788365136737,0,
1788365137327,0,
1788365137914,0,
1788365138501,0,
1788365139092,0,
1788365139683,0,
1788365140272,0,
1788365140858,0,
1788365141445,0,
1788365142035,0,
1788365142624,0,
1788365143211,0,
1788365143801,0,
1788365144391,0,
1788365144981,0,
1788365145566,0,
1788365146151,0,
1788365146737,0,
1788365147320,0,
1788365147907,0,
1788365148492,0,
1788365149082,0,
1788365149670,0,
1788365150261,0,
1788365150852,0,
1788365151442,0,
1788365152029,0,
1788365152615,0,
1788365153205,0,
1788365153794,0,
1788365154384,0,
1788365154976,0,
1788365155562,0,
1788365156148,0,
1788365156738,0,
1788365157327,0,
1788365157918,0,
1788365158507,0,
1788365159096,0,
1788365159682,0,
1788365160267,0,
1788365160852,0,
1788365161441,0,
1788365162032,0,
1788365162620,0,
1788365163210,0,
1788365163799,0,
1788365164388,0,
1788365164975,0,
1788365165564,0,
1788365166153,0,
1788365166739,0,
1788365167330,0,
1788365167920,0,
1788365168508,0,
1788365169096,0,
1788365169682,0,
1788365170270,0,
1788365170860,0,
1788365171449,0,
1788365172036,0,
1788365172625,0,
1788365173211,0,
1788365173796,0,
1788365174386,0,
1788365174975,0,
1788365175566,0,
1788365176157,0,
1788365176748,0,
1788365177336,0,
1788365177927,0,
1788365178514,0,
1788365179102,0,
1788365179690,0,
1788365180281,0,
1788365180871,0,
1788365181462,0,
1788365182048,0,
1788365182637,0,
1788365183223,0,
1788365183811,0,
1788365184402,0,
1788365184990,0,
1788365185579,0,
1788365186169,0,
1788365186759,0,
1788365187348,0,
1788365187934,0,
1788365188524,0,
1788365189115,0,
1788365189701,0,
1788365190293,0,
1788365190883,0,
1788365191473,0,
1788365192062,0,
1788365192650,0,
1788365193242,0,
1788365193832,0,
1788365194418,0,
1788365195009,0,
1788365195599,0,
1788365196187,0,
1788365196780,0,
1788365197368,0,
1788365197958,0,
1788365198549,0,
1788365199135,0,
1788365199724,0,
1788365200315,0,
1788365200905,0,
1788365201495,0,
1788365202086,0,
1788365202675,0,
1788365203264,0,
1788365203851,0,
1788365204441,0,
1788365205031,0,
1788365205623,0,
1788365206213,0,
1788365206801,0,
1788365207389,0,
1788365207979,0,
1788365208566,0,
1788365209153,0,
1788365209744,0,
1788365210334,0,
1788365210924,0,
1788365211518,0,
1788365212107,0,
1788365212693,0,
1788365213281,0,
1788365213870,0,
1788365214458,0,
1788365215046,0,
1788365215636,0,
1788365216227,0,
1788365216815,0,
1788365217401,0,
1788365217988,0,
1788365218578,0,
1788365219169,0,
1788365219765,0,
1788365220356,0,
1788365220946,0,
1788365221534,0,
1788365222122,0,
1788365222709,0,
1788365223297,0,
1788365223888,0,
1788365224474,0,
1788365225065,0,
1788365225651,0,
1788365226238,0,
1788365226828,0,
1788365227417,0,
1788365228004,0,
1788365228594,0,
1788365229181,0,
1788365229762,0,
1788365230349,0,
1788365230938,0,
1788365231525,0,
1788365232115,0,
1788365232705,0,
1788365233291,0,
1788365233882,0,
1788365234472,0,
1788365235059,0,
1788365235647,0,
1788365236235,0,
1788365236825,0,
1788365237411,0,
1788365238000,0,
1788365238588,0,
1788365239175,0,
1788365239764,0,
1788365240355,0,
1788365240941,0,
1788365241529,0,
1788365242119,0,
1788365242710,0,
1788365243299,0,
1788365243888,0,
1788365244475,0,
1788365245065,0,
1788365245654,0,
1788365246244,0,
1788365246834,0,
1788365247425,0,
1788365248011,0,
1788365248600,0,
1788365249188,0,
1788365249777,0,
1788365250366,0,
1788365250951,0,
1788365251537,0,
1788365252127,0,
1788365252715,0,
1788365253306,0,
1788365253896,0,
1788365254486,0,
1788365255075,0,
1788365255661,0,
1788365256248,0,
1788365256838,0,
1788365257429,0,
1788365258014,0,
1788365258604,0,
1788365259189,0,
1788365259784,0,
1788365260374,0,
1788365260962,0,
1788365261548,0,
1788365262136,0,
1788365262725,0,
1788365263312,0,
1788365263898,0,
1788365264488,0,
1788365265078,0,
1788365265664,0,
1788365266252,0,
1788365266839,0,
1788365267429,0,
1788365268020,0,
1788365268607,0,
1788365269195,0,
1788365269785,0,
1788365270376,0,
1788365270962,0,
1788365271552,0,
1788365272142,0,
1788365272729,0,
1788365273316,0,
1788365273905,0,
1788365274493,0,
1788365275083,0,
1788365275674,0,
1788365276260,0,
1788365276847,0,
1788365277436,0,
1788365278023,0,
1788365278611,0,
1788365279199,0,
1788365279788,0,
1788365280378,0,
1788365280965,0,
1788365281554,0,
1788365282145,0,
1788365282731,0,
1788365283321,0,
1788365283911,0,
1788365284498,0,
1788365285089,0,
1788365285679,0,
1788365286270,0,
1788365286858,0,
1788365287444,0,
1788365288030,0,
1788365288622,0,
1788365289213,0,
1788365289786,0,
1788365290378,0,
1788365290965,0,
1788365291556,0,
1788365292146,0,
1788365292738,0,
1788365293327,0,
1788365293915,0,
1788365294505,0,
1788365295095,0,
1788365295686,0,
1788365296274,0,
1788365296864,0,
1788365297454,0,
1788365298045,0,
1788365298633,0,
1788365299223,0,
1788365299813,0,
1788365300403,0,
1788365300990,0,
1788365301578,0,
1788365302169,0,
1788365302759,0,
1788365303350,0,
1788365303936,0,
1788365304523,0,
1788365305114,0,
1788365305712,0,
1788365306303,0,
1788365306891,0,
1788365307482,0,
1788365308069,0,
1788365308658,0,
1788365309248,0,
1788365309838,0,
1788365310431,0,
1788365311022,0,
1788365311609,0,
1788365312197,0,
1788365312787,0,
1788365313377,0,
1788365313964,0,
1788365314555,0,
1788365315146,0,
1788365315736,0,
1788365316327,0,
1788365316917,0,
1788365317508,0,
1788365318098,0,
1788365318689,0,
1788365319281,0,
1788365319872,0,
1788365320463,0,
1788365321052,0,
1788365321643,0,
1788365322230,0,
1788365322819,0,
1788365323409,0,
1788365323996,0,
1788365324584,0,
1788365325171,0,
1788365325760,0,
1788365326347,0,
1788365326936,0,
1788365327526,0,
1788365328115,0,
1788365328703,0,
1788365329293,0,
1788365329884,0,
1788365330473,0,
1788365331065,0,
1788365331654,0,
1788365332241,0,
1788365332832,0,
1788365333423,0,
1788365334010,0,
1788365334597,0,
1788365335185,0,
1788365335774,0,
1788365336365,0,
1788365336954,0,
1788365337546,0,
1788365338135,0,
1788365338725,0,
1788365339316,0,
1788365339906,0,
1788365340498,0,
1788365341085,0,
1788365341676,0,
1788365342266,0,
1788365342856,0,
1788365343449,0,
1788365344037,0,
1788365344628,0,
1788365345218,0,
1788365345808,0,
1788365346395,0,
1788365346983,0,
1788365347570,0,
1788365348161,0,
1788365348750,0,
1788365349342,0,
1788365349927,0,
1788365350515,0,
1788365351105,0,
1788365351693,0,
1788365352284,0,
1788365352871,0,
1788365353461,0,
1788365354051,0,
1788365354638,0,
1788365355228,0,
1788365355819,0,
1788365356406,0,
1788365356997,0,
1788365357585,0,
1788365358175,0,
1788365358763,0,
1788365359349,0,
1788365359939,0,
1788365360526,0,
1788365361113,0,
1788365361702,0,
1788365362292,0,
1788365362883,0,
1788365363475,0,
1788365364066,0,
1788365364653,0,
1788365365240,0,
1788365365827,0,
1788365366416,0,
1788365367006,0,
1788365367596,0,
1788365368183,0,
1788365368772,0,
1788365369360,0,
1788365369950,0,
1788365370537,0,
1788365371124,0,
1788365371719,0,
1788365372309,0,
1788365372896,0,
1788365373483,0,
1788365374074,0,
1788365374657,0,
1788365375246,0,
1788365375835,0,
1788365376426,0,
1788365377016,0,
1788365377602,0,
1788365378189,0,
1788365378781,0,
1788365379370,0,
1788365379960,0,
1788365380549,0,
1788365381138,0,
1788365381727,0,
1788365382316,0,
1788365382905,0,
1788365383492,0,
1788365384078,0,
1788365384665,0,
1788365385253,0,
1788365385843,0,
1788365386432,0,
1788365387019,0,
1788365387608,0,
1788365388194,0,
1788365388783,0,
1788365389372,0,
1788365389958,0,
1788365390545,0,
1788365391131,0,
1788365391721,0,
1788365392308,0,
1788365392899,0,
1788365393489,0,
1788365394079,0,
1788365394668,0,
1788365395259,0,
1788365395852,0,
1788365396442,0,
1788365397028,0,
1788365397619,0,
1788365398210,0,
1788365398799,0,
1788365399386,0,
1788365399980,0,
1788365400565,0,
