t_ms,used_mib
1788382947251,904
1788382947771,904
1788382948288,904
1788382948805,904
1788382949322,904
1788382949841,904
1788382950358,904
1788382950875,948
1788382951395,948
1788382951914,948
1788382952432,953
1788382952950,968
1788382953469,949
1788382953990,950
1788382954510,950
1788382955029,982
1788382955548,964
1788382956064,960
1788382956582,960
1788382957099,960
1788382957619,960
1788382958139,964
1788382958654,964
1788382959171,964
1788382959691,964
1788382960208,960
1788382960724,960
1788382961244,960
1788382961762,960
1788382962281,960
1788382962801,960
1788382963318,960
1788382963836,960
1788382964356,960
1788382964875,960
1788382965396,960
1788382965912,978
1788382966429,960
1788382966946,960
1788382967463,960
1788382967982,978
1788382968499,960
1788382969019,978
1788382969536,960
1788382970055,997
1788382970577,1225
1788382971101,2050
1788382971622,2211
1788382972140,2211
1788382972660,2210
1788382973179,2210
1788382973698,2206
1788382974218,2206
1788382974738,2206
1788382975258,2206
1788382975775,2206
1788382976294,2206
1788382976814,2206
1788382977334,2206
1788382977853,2206
1788382978374,2206
1788382978892,2206
1788382979412,2206
1788382979932,2206
1788382980450,2206
1788382980971,2224
1788382981494,2672
1788382982016,3378
1788382982537,4118
1788382983054,4765
1788382983573,4871
1788382984090,4907
1788382984611,4889
1788382985131,4904
1788382985653,5107
1788382986171,5229
1788382986691,5241
1788382987209,5252
1788382987730,5669
1788382988252,5669
1788382988771,5798
1788382989291,5798
1788382989809,5800
1788382990327,5801
1788382990847,5803
1788382991363,5803
1788382991883,5803
1788382992401,5803
1788382992921,5823
1788382993442,5893
1788382993960,5893
1788382994478,5893
1788382994998,5911
1788382995516,5893
1788382996035,5911
1788382996552,909
1788382997070,923
1788382997588,905
1788382998107,905
1788382998626,905
1788382999144,905
1788382999665,905
1788383000182,905
1788383000699,905
1788383001217,905
1788383001735,905
1788383002255,905
1788383002772,905
1788383003288,905
1788383003807,905
1788383004326,905
1788383004843,905
1788383005363,905
1788383005880,905
1788383006399,905
1788383006917,923
1788383007436,905
1788383007955,923
1788383008471,905
1788383008988,905
1788383009505,905
1788383010023,923
1788383010542,905
1788383011060,905
1788383011580,905
1788383012099,923
1788383012619,905
1788383013138,905
1788383013657,905
1788383014178,905
1788383014697,905
1788383015216,905
1788383015735,905
1788383016252,905
1788383016771,905
1788383017289,905
1788383017810,905
1788383018328,905
1788383018845,905
1788383019362,905
1788383019881,905
1788383020400,905
1788383020919,923
1788383021437,905
1788383021954,923
1788383022475,905
1788383022995,923
1788383023515,905
1788383024035,905
1788383024553,905
1788383025070,923
1788383025591,905
1788383026107,905
1788383026627,905
1788383027147,905
1788383027666,905
1788383028184,905
1788383028704,905
1788383029222,905
1788383029741,905
1788383030261,905
1788383030779,905
1788383031298,905
1788383031816,905
1788383032336,905
1788383032854,905
1788383033373,905
1788383033893,905
1788383034411,905
1788383034930,923
1788383035449,905
1788383035966,923
1788383036485,905
1788383037005,905
1788383037525,905
1788383038043,923
1788383038560,905
1788383039077,923
1788383039594,905
1788383040115,923
1788383040633,905
1788383041154,923
1788383041671,905
1788383042188,905
1788383042706,905
1788383043226,905
1788383043744,905
1788383044266,905
1788383044782,905
1788383045302,905
1788383045823,905
1788383046340,905
1788383046860,905
1788383047381,905
1788383047901,905
1788383048421,905
1788383048938,923
1788383049458,905
1788383049976,905
1788383050495,905
1788383051017,923
1788383051537,905
1788383052057,905
1788383052573,905
1788383053094,923
1788383053613,905
1788383054134,923
1788383054651,905
1788383055169,923
1788383055687,905
1788383056204,905
1788383056724,905
1788383057244,905
1788383057760,905
1788383058277,905
1788383058793,905
1788383059309,905
1788383059826,905
1788383060342,905
1788383060859,905
1788383061379,905
1788383061899,905
1788383062419,905
1788383062937,923
1788383063456,905
1788383063972,905
1788383064492,905
1788383065012,923
1788383065532,905
1788383066051,905
1788383066570,905
1788383067090,923
1788383067610,905
1788383068129,905
1788383068649,905
1788383069166,923
1788383069683,905
1788383070201,905
1788383070720,905
1788383071240,905
1788383071756,905
1788383072274,905
1788383072791,905
1788383073308,905
1788383073827,905
1788383074346,905
1788383074865,905
1788383075384,905
1788383075904,905
1788383076424,905
1788383076943,923
1788383077463,905
1788383077983,905
1788383078503,905
1788383079019,923
1788383079540,905
1788383080059,923
1788383080577,905
1788383081096,905
1788383081616,905
1788383082134,923
1788383082651,905
1788383083168,923
1788383083685,905
1788383084203,923
1788383084722,905
1788383085239,905
1788383085760,905
1788383086282,905
1788383086802,905
1788383087319,905
1788383087840,905
1788383088358,905
1788383088878,905
1788383089399,905
1788383089917,905
1788383090435,905
1788383090955,923
1788383091476,905
1788383091994,923
1788383092770,905
1788383093379,905
1788383093898,905
1788383094415,905
1788383094933,923
1788383095451,905
1788383095969,923
1788383096487,905
1788383097004,905
1788383097521,905
1788383098503,905
1788383099020,923
1788383099540,905
1788383100060,923
1788383100576,905
1788383101093,923
1788383101611,905
1788383102131,923
1788383102652,905
1788383103171,923
1788383103690,905
1788383104210,920
1788383104727,902
1788383105248,920
1788383105769,902
1788383106286,902
1788383106804,902
1788383107322,902
1788383107842,902
1788383108360,902
1788383108881,902
1788383109399,902
1788383109919,920
1788383110439,902
1788383110960,958
1788383111477,904
1788383111998,921
1788383112516,904
1788383113035,916
1788383113555,941
1788383114074,941
1788383114594,941
1788383115111,941
1788383115631,941
1788383116300,941
1788383116819,923
1788383117337,923
1788383117858,923
1788383118379,923
1788383118896,923
1788383119416,923
1788383119933,923
1788383120453,923
1788383120969,923
1788383121487,923
1788383122005,923
1788383122525,923
1788383123689,923
1788383124206,923
1788383124727,923
1788383125245,923
1788383126435,923
1788383126955,923
1788383127472,923
1788383127991,923
1788383128509,923
1788383129028,923
1788383129547,923
1788383130064,923
1788383130581,923
1788383131098,923
1788383131616,923
1788383132133,887
1788383132650,923
1788383133167,923
1788383133687,923
1788383134204,923
1788383134723,923
1788383135244,923
1788383135760,923
1788383136276,923
1788383136793,923
1788383137312,923
1788383137829,923
1788383138346,923
1788383138865,923
1788383139385,923
1788383139902,959
1788383140418,923
1788383140935,923
1788383141454,923
1788383141974,923
1788383142493,923
1788383143009,923
1788383143528,923
1788383144046,923
1788383144567,923
1788383145084,923
1788383145602,923
1788383146123,941
1788383146643,923
1788383147160,915
1788383147677,915
1788383148195,915
1788383148712,909
1788383149229,927
1788383149745,909
1788383150265,927
1788383150784,909
1788383151302,909
1788383151821,909
1788383152340,909
1788383152857,909
1788383153376,909
1788383153895,909
1788383154411,909
1788383154928,927
1788383155448,909
1788383155969,927
1788383156486,903
1788383157003,903
1788383157522,903
1788383158041,921
1788383158561,903
1788383159078,903
1788383159597,903
1788383160116,921
1788383160633,903
1788383161151,921
1788383161669,903
1788383162187,921
1788383162705,903
1788383163224,921
1788383163743,903
1788383164261,921
1788383164779,903
1788383165299,921
1788383165817,903
1788383166336,903
1788383166852,903
1788383167370,903
1788383167890,903
1788383168407,903
1788383168925,921
1788383169444,903
1788383169963,903
1788383170480,903
1788383170997,921
1788383171516,903
1788383172036,903
1788383172555,903
1788383173075,921
1788383173593,903
1788383174112,921
1788383174632,903
1788383175149,921
1788383175666,903
1788383176183,921
1788383176701,903
1788383177220,921
1788383177737,903
1788383178254,921
1788383178772,903
1788383179288,921
1788383179807,903
1788383180327,903
1788383180844,903
1788383181363,903
1788383181883,903
1788383182401,903
1788383182921,921
1788383183439,903
1788383183959,921
1788383184476,903
1788383184996,903
1788383185513,903
1788383186031,921
1788383186550,903
1788383187066,903
1788383187585,903
1788383188106,921
1788383188627,903
1788383189144,921
1788383189664,903
1788383190182,921
1788383190700,903
1788383191220,921
1788383191738,903
1788383192259,921
1788383192775,903
1788383193293,921
1788383193811,903
1788383194331,921
1788383194847,903
1788383195366,903
1788383195884,903
1788383196402,903
1788383196919,921
1788383197437,903
1788383197956,903
1788383198473,903
1788383198992,921
1788383199510,903
1788383200030,921
1788383200549,903
1788383201065,903
1788383201583,903
1788383202101,921
1788383202621,903
1788383203139,921
1788383203659,903
1788383204176,921
1788383204695,903
1788383205214,921
1788383205733,903
1788383206251,921
1788383206770,903
1788383207289,921
1788383207808,903
1788383208324,921
1788383208842,903
1788383209361,903
1788383209878,903
1788383210398,903
1788383210918,921
1788383211437,903
1788383211957,903
1788383212475,903
1788383212992,921
1788383213511,903
1788383214030,903
1788383214550,903
1788383215069,921
1788383215587,903
1788383216105,903
1788383216623,903
1788383217140,921
1788383217660,903
1788383218177,921
1788383218698,903
1788383219214,921
1788383219733,903
1788383220253,921
1788383220771,903
1788383221289,921
1788383221808,903
1788383222327,921
1788383222845,903
1788383223371,903
1788383223888,903
1788383224407,903
1788383224924,921
1788383225440,903
1788383225957,921
1788383226474,903
1788383226992,903
1788383227511,903
1788383228029,921
1788383228547,903
1788383229066,903
1788383229583,903
1788383230102,921
1788383230622,903
1788383231141,903
1788383231662,903
1788383232180,921
1788383232700,903
1788383233219,921
1788383233737,903
1788383234257,921
1788383234776,903
1788383235295,921
1788383235811,903
1788383236330,921
1788383236847,903
1788383237366,921
1788383237887,939
1788383238404,903
1788383238921,903
1788383239439,903
1788383239957,921
1788383240476,903
1788383240996,921
1788383241513,903
1788383242031,921
1788383242550,903
1788383243067,903
1788383243584,903
1788383244101,921
1788383244620,903
1788383245141,921
1788383245663,903
1788383246183,921
1788383246701,903
1788383247218,921
1788383247738,903
1788383248258,921
1788383248777,903
1788383249297,921
1788383249814,903
1788383250333,921
1788383250850,903
1788383251368,921
1788383251886,939
1788383252403,903
1788383252922,903
1788383253438,903
1788383253958,921
1788383254476,903
1788383254996,921
1788383255515,903
1788383256035,903
1788383256555,903
1788383257072,921
1788383257588,903
1788383258107,921
1788383258625,903
1788383259144,921
1788383259664,903
1788383260183,921
1788383260701,903
1788383261222,921
1788383261740,903
1788383262258,921
1788383262775,903
1788383263292,921
1788383263809,903
1788383264329,921
1788383264849,903
1788383265367,921
1788383265887,939
1788383266406,921
1788383266926,903
1788383267443,903
1788383267962,921
1788383268479,903
1788383268998,903
1788383269518,903
1788383270037,903
1788383270557,903
1788383271076,903
1788383271595,903
1788383272114,903
1788383272634,903
1788383273152,921
1788383273670,903
1788383274188,921
1788383274704,903
1788383275223,921
1788383275738,903
1788383276255,921
1788383276772,903
1788383277292,921
1788383277811,903
1788383278330,921
1788383278850,903
1788383279369,921
1788383279887,903
1788383280404,921
1788383280923,903
1788383281440,921
1788383281962,903
1788383282478,903
1788383282997,903
1788383283516,903
1788383284033,903
1788383284550,903
1788383285068,903
1788383285587,903
1788383286107,903
1788383286628,903
1788383287146,903
1788383287665,903
1788383288185,921
1788383288705,903
1788383289222,903
1788383289741,903
1788383290258,903
1788383290774,903
1788383291292,903
1788383291810,903
1788383292330,903
1788383292847,903
1788383293364,903
1788383293880,903
1788383294399,903
1788383294916,903
1788383295435,903
1788383295955,903
1788383296472,903
1788383296989,903
1788383297509,903
1788383298028,903
1788383298546,903
1788383299065,903
1788383299583,903
1788383300104,903
1788383300621,903
1788383301141,903
1788383301658,903
1788383302176,903
1788383302697,903
1788383303216,903
1788383303734,903
1788383304254,903
1788383304773,903
1788383305292,903
1788383305811,903
1788383306331,903
1788383306851,903
1788383307369,903
1788383307887,903
1788383308405,903
1788383308925,921
1788383309443,903
1788383309963,903
1788383310482,903
1788383311000,903
1788383311520,903
1788383312039,903
1788383312558,903
1788383313076,903
1788383313594,903
1788383314114,903
1788383314635,903
1788383315153,903
1788383315671,903
1788383316190,903
1788383316707,903
1788383317226,903
1788383317745,903
1788383318266,903
1788383318786,903
1788383319306,903
1788383319823,903
1788383320341,903
1788383320857,903
1788383321378,903
1788383321897,903
1788383322414,903
1788383322933,903
1788383323452,903
1788383323971,903
1788383324489,903
1788383325007,903
1788383325524,903
1788383326043,903
1788383326561,903
1788383327080,903
1788383327598,903
1788383328119,903
1788383328638,903
1788383329158,903
1788383329677,903
1788383330194,903
1788383330714,903
1788383331230,903
1788383331746,903
1788383332263,903
1788383332781,903
1788383333301,903
1788383333820,903
1788383334339,903
1788383334858,903
1788383335376,903
1788383335896,903
1788383336414,903
1788383336933,921
1788383337452,903
1788383337970,903
1788383338489,903
1788383339008,903
1788383339525,903
1788383340044,903
1788383340562,903
1788383341081,903
1788383341598,903
1788383342120,867
1788383342640,903
1788383343159,903
1788383343678,903
1788383344196,903
1788383344715,903
1788383345233,903
1788383345752,903
1788383346271,899
1788383346789,881
1788383347308,881
1788383347826,881
1788383348343,881
1788383348860,881
1788383349379,881
1788383349898,881
1788383350415,881
1788383350934,899
1788383351452,881
1788383351973,881
1788383352492,881
1788383353012,881
1788383353529,881
1788383354049,881
1788383354569,881
1788383355087,881
1788383355607,881
1788383356127,881
1788383356647,881
1788383357165,881
1788383357682,881
1788383358200,881
1788383358720,881
1788383359240,881
1788383359757,881
1788383360277,881
1788383360794,881
1788383361313,881
1788383361831,881
1788383362348,881
1788383362865,881
1788383363381,881
1788383363901,917
1788383364421,881
1788383364941,881
1788383365460,881
1788383365981,899
1788383366500,881
1788383367018,881
1788383367538,881
1788383368055,881
1788383368575,881
1788383369095,881
1788383369613,881
1788383370130,881
1788383370649,881
1788383371168,881
1788383371686,881
1788383372205,881
1788383372722,881
1788383373240,881
1788383373759,881
1788383374276,881
1788383374793,881
1788383375314,881
1788383375831,881
1788383376351,881
1788383376871,881
1788383377388,881
1788383377906,899
1788383378426,881
1788383378947,881
1788383379464,881
1788383379984,899
1788383380501,881
1788383381019,881
1788383381536,881
1788383382053,881
1788383382571,881
1788383383089,881
1788383383607,881
1788383384128,881
1788383384646,881
1788383385165,881
1788383385682,881
1788383386202,881
1788383386721,881
1788383387240,881
1788383387758,881
1788383388277,881
1788383388794,881
1788383389314,881
1788383389831,881
1788383390349,881
1788383390868,881
1788383391387,881
1788383391908,881
1788383392425,881
1788383392942,899
1788383393461,881
1788383393980,899
1788383394499,881
1788383395019,881
1788383395538,881
1788383396055,881
1788383396577,881
1788383397096,881
1788383397614,881
1788383398132,881
1788383398649,881
1788383399165,881
1788383399682,881
1788383400200,899
1788383400717,881
1788383401235,881
1788383401752,881
1788383402269,881
1788383402787,881
1788383403303,881
1788383403822,881
1788383404339,881
1788383404857,881
1788383405377,881
1788383405897,881
1788383406414,899
1788383406932,899
1788383407449,881
1788383407967,881
1788383408484,881
1788383409001,899
1788383409519,881
1788383410037,899
1788383410555,881
1788383411073,881
1788383411592,881
1788383412111,881
1788383412630,881
1788383413148,881
1788383413667,881
1788383414188,881
1788383414706,881
1788383415224,881
1788383415741,881
1788383416257,881
1788383416774,881
1788383417293,881
1788383417812,881
1788383418329,881
1788383418847,881
1788383419366,881
1788383419883,881
1788383420400,881
1788383420919,899
1788383421437,881
1788383421956,881
1788383422476,881
1788383422995,899
1788383423515,881
1788383424031,881
1788383424548,881
1788383425064,881
1788383425582,881
1788383426101,881
1788383426620,881
