t_ms,sum_mb,largest_mb
1788351309548,130,130
1788351311274,148,148
1788351312872,165,148
1788351314462,162,145
1788351316108,155,138
1788351317723,580,441
1788351319330,596,441
1788351320955,1065,913
1788351322587,1602,1450
1788351324192,1606,1454
1788351325793,1668,1541
1788351327399,1834,1705
1788351330552,2007,1874
1788351332154,2055,1918
1788351333768,1360,1214
1788351335399,146,146
1788351337018,146,146
1788351338656,146,146
1788351340243,146,146
1788351341819,146,146
1788351343450,146,146
1788351345079,146,146
1788351346654,146,146
1788351348240,146,146
1788351349867,132,132
1788351351496,132,132
1788351353132,131,131
1788351354757,131,131
1788351356381,131,131
1788351357952,131,131
1788351359570,131,131
1788351361194,130,130
1788351362794,130,130
1788351364412,130,130
1788351366034,130,130
1788351367626,97,97
1788351369218,97,97
1788351370884,183,183
1788351372607,183,183
1788351374230,207,207
1788351375910,224,224
1788351377574,189,181
1788351379236,289,281
1788351380929,266,258
1788351382606,235,227
1788351384251,283,275
1788351385920,265,257
1788351387558,305,297
1788351389206,315,307
1788351390795,344,336
1788351392423,342,333
1788351394062,336,328
1788351395686,387,379
1788351397256,374,366
1788351398855,358,350
1788351400490,366,357
1788351402115,381,373
1788351403725,373,365
1788351405341,366,358
1788351406959,344,336
1788351408579,329,321
1788351410200,329,321
1788351411820,329,321
1788351413447,337,329
1788351415068,337,329
1788351416683,328,320
1788351418289,337,329
1788351419903,328,320
1788351421519,297,289
1788351423116,313,305
1788351424725,313,305
1788351426327,310,302
1788351427935,299,291
1788351429540,313,305
1788351431152,313,305
1788351432777,313,305
1788351434401,316,308
1788351436011,300,292
1788351437635,302,294
1788351439259,309,301
1788351440870,319,311
1788351442485,303,295
1788351444102,199,191
1788351445737,199,191
1788351447359,197,189
1788351448956,198,190
1788351450565,298,290
1788351452182,299,291
1788351453820,291,283
1788351455426,278,270
1788351457068,278,270
1788351458671,252,244
1788351460264,252,244
1788351461876,252,244
1788351463478,252,244
1788351465051,251,242
1788351466658,245,236
1788351468270,173,165
1788351469871,192,183
1788351471476,189,181
1788351473071,189,181
1788351474663,189,181
1788351476270,207,199
1788351477878,209,201
1788351479476,209,201
1788351481079,209,201
1788351482672,209,201
1788351484276,209,201
1788351485870,209,201
1788351487448,209,201
1788351489034,209,201
1788351490604,209,201
1788351492203,209,201
1788351493774,209,201
1788351495370,209,201
1788351496966,209,201
1788351498558,190,182
1788351500148,183,175
1788351501766,183,175
1788351503369,292,284
1788351504968,283,275
1788351506573,281,273
1788351508168,272,264
1788351509768,257,249
1788351511357,257,249
1788351512971,266,258
1788351514560,262,254
1788351516138,276,268
1788351517735,275,267
1788351519328,271,263
1788351520917,274,266
1788351522533,272,264
1788351524095,269,261
1788351525713,274,266
1788351527312,288,280
1788351528918,285,277
1788351530507,289,281
1788351532104,271,263
1788351533697,267,259
1788351535295,267,259
1788351536881,262,254
1788351538493,261,253
1788351540096,261,253
1788351541703,258,250
1788351543267,258,250
1788351544853,268,260
1788351546430,283,275
1788351548026,281,273
1788351549623,277,269
1788351551222,276,268
1788351552818,271,263
1788351554395,271,263
1788351555982,271,263
1788351557572,271,263
1788351559162,296,288
1788351560774,295,287
1788351562382,291,283
1788351563981,273,265
1788351565583,273,265
1788351567176,273,265
1788351568777,273,265
1788351570373,272,264
1788351571980,272,264
1788351573583,272,264
1788351575200,271,263
1788351576801,271,263
1788351578362,271,263
1788351579949,271,263
1788351581544,271,263
1788351583154,259,251
1788351584725,259,251
1788351586299,259,251
1788351587894,259,251
1788351589450,259,251
1788351591019,259,251
1788351592613,259,251
1788351594174,259,251
1788351595758,259,251
1788351597351,257,249
1788351598967,253,245
1788351600568,201,193
1788351602186,196,188
1788351603786,196,188
1788351605391,196,188
1788351607000,196,188
1788351608608,202,194
1788351610209,219,211
1788351611828,215,207
1788351613436,219,211
1788351615042,218,210
1788351616660,208,200
1788351618223,207,199
1788351619827,207,199
1788351621420,223,215
1788351623028,223,215
1788351624590,223,215
1788351626216,222,214
1788351627831,232,224
1788351629421,241,233
1788351631030,221,213
1788351632633,212,204
1788351634246,203,195
1788351635850,197,189
1788351637461,215,207
1788351639089,222,214
1788351640694,244,236
1788351642297,243,235
1788351643885,243,235
1788351645497,231,223
1788351647089,236,228
1788351648682,235,227
1788351650287,235,227
1788351651873,235,227
1788351653475,237,229
1788351655065,237,229
1788351656672,237,229
1788351658236,215,207
1788351659836,217,209
1788351661402,217,209
1788351662965,197,189
1788351664554,180,172
1788351666140,166,158
1788351667734,167,158
1788351669334,239,231
1788351670907,238,230
1788351672511,238,230
1788351674103,238,230
1788351675704,238,230
1788351677275,238,230
1788351678871,238,230
1788351680472,218,210
1788351682066,216,208
1788351683684,240,231
1788351685267,227,219
1788351686870,246,237
1788351688458,247,239
1788351690038,269,261
1788351691645,254,245
1788351693247,245,237
1788351694840,333,325
1788351696433,335,327
1788351698027,335,327
1788351699594,335,327
1788351701185,335,327
1788351702783,330,322
1788351704354,314,306
1788351705953,335,327
1788351707540,370,362
1788351709127,369,361
1788351710698,369,361
1788351712290,369,361
1788351713858,369,361
1788351715435,369,361
1788351717033,369,361
1788351718624,369,361
1788351720221,369,361
1788351721811,369,361
1788351723375,369,361
1788351724962,369,361
1788351726545,368,360
1788351728161,356,348
